email,keywords
Varun S <varuns17997@gmail.com>,"['active', 'account', 'Business', '7042158-0']"
Varun S <varuns17997@gmail.com>,"['client', '605875-A213', 'bankrupted']"
Varun S <varuns17997@gmail.com>,"['investor', '4088549-9', 'holding']"
Varun S <varuns17997@gmail.com>,"['investors', 'holding', 'share', 'FI2465671237']"
Varun S <varuns17997@gmail.com>,"['When', 'client', '987968-854', 'registered', 'Euroclear']"
Varun S <varuns17997@gmail.com>,"['legal', 'restriction', 'shareholder']"
Varun S <varuns17997@gmail.com>,"['account', 'holding']"
Varun S <varuns17997@gmail.com>,"['suspended', 'account', 'Client', '7313679-3', '8950523-1', '0626510-6']"
Varun S <varuns17997@gmail.com>,['SE0011337708']
Varun S <varuns17997@gmail.com>,['account']
